id,name,department,salary
2,Bob,Engineering,75000.000000000000000000
3,Charlie,Sales,60000.000000000000000000
